id,season,player_name,position,transfer_type,from_club,to_club,transfer_fee,transfer_status,transfer_date,source,source_url,validation_status
1,2020/21,Pratik Chaudhari,Defender,Arrival,Mumbai City,Bengaluru FC,Free,Joined,3 June 2020,Wikipedia,https://en.wikipedia.org/wiki/2020%E2%80%9321_Bengaluru_FC_season,Verified
2,2020/21,Lalthuammawia Ralte,Goalkeeper,Arrival,East Bengal,Bengaluru FC,Free,Joined,3 June 2020,Wikipedia,https://en.wikipedia.org/wiki/2020%E2%80%9321_Bengaluru_FC_season,Verified
3,2020/21,Joe Zoherliana,Defender,Arrival,Aizawl,Bengaluru FC,Free,Joined,5 June 2020,Wikipedia,https://en.wikipedia.org/wiki/2020%E2%80%9321_Bengaluru_FC_season,Verified
4,2020/21,Wungngayam Muirang,Defender,Arrival,Gokulam Kerala,Bengaluru FC,Free,Joined,5 June 2020,Wikipedia,https://en.wikipedia.org/wiki/2020%E2%80%9321_Bengaluru_FC_season,Verified
5,2020/21,Cleiton Silva,Forward,Arrival,Suphanburi,Bengaluru FC,Free,Joined,20 June 2020,Wikipedia,https://en.wikipedia.org/wiki/2020%E2%80%9321_Bengaluru_FC_season,Verified
6,2020/21,Ajith Kumar,Defender,Arrival,Chennai City,Bengaluru FC,Undisclosed,Joined,22 August 2020,Wikipedia,https://en.wikipedia.org/wiki/2020%E2%80%9321_Bengaluru_FC_season,Verified
7,2020/21,Huidrom Thoi Singh,Midfielder,Arrival,Reliance Foundation Young Champs,Bengaluru FC,Free,Joined,18 September 2020,Wikipedia,https://en.wikipedia.org/wiki/2020%E2%80%9321_Bengaluru_FC_season,Verified
8,2020/21,Lara Sharma,Goalkeeper,Arrival,ATK,Bengaluru FC,Free,Joined,3 October 2020,Wikipedia,https://en.wikipedia.org/wiki/2020%E2%80%9321_Bengaluru_FC_season,Verified
9,2020/21,Fran González,Defender,Arrival,Mohun Bagan,Bengaluru FC,Free,Joined,20 October 2020,Wikipedia,https://en.wikipedia.org/wiki/2020%E2%80%9321_Bengaluru_FC_season,Verified
10,2020/21,Kristian Opseth,Forward,Arrival,Adelaide United,Bengaluru FC,Free,Joined,20 October 2020,Wikipedia,https://en.wikipedia.org/wiki/2020%E2%80%9321_Bengaluru_FC_season,Verified
11,2020/21,Xisco Hernández,Midfielder,Arrival,Odisha,Bengaluru FC,Free,Joined,15 January 2021,Wikipedia,https://en.wikipedia.org/wiki/2020%E2%80%9321_Bengaluru_FC_season,Verified
12,2020/21,Yrondu Musavu-King,Defender,Arrival,Le Mans,Bengaluru FC,Free,Joined,10 March 2021,Wikipedia,https://en.wikipedia.org/wiki/2020%E2%80%9321_Bengaluru_FC_season,Verified
13,2020/21,Albert Serrán,Defender,Departure,Bengaluru FC,Montañesa,Free,Departed,1 June 2020,Wikipedia,https://en.wikipedia.org/wiki/2020%E2%80%9321_Bengaluru_FC_season,Verified
14,2020/21,Sairuat Kima,Defender,Departure,Bengaluru FC,Sudeva,Free,Departed,1 June 2020,Wikipedia,https://en.wikipedia.org/wiki/2020%E2%80%9321_Bengaluru_FC_season,Verified
15,2020/21,Rino Anto,Defender,Departure,Bengaluru FC,East Bengal,Free,Departed,1 June 2020,Wikipedia,https://en.wikipedia.org/wiki/2020%E2%80%9321_Bengaluru_FC_season,Verified
16,2020/21,Eugeneson Lyngdoh,Midfielder,Departure,Bengaluru FC,East Bengal,Free,Departed,1 June 2020,Wikipedia,https://en.wikipedia.org/wiki/2020%E2%80%9321_Bengaluru_FC_season,Verified
17,2020/21,Nili,Midfielder,Departure,Bengaluru FC,Levadiakos,Free,Departed,9 June 2020,Wikipedia,https://en.wikipedia.org/wiki/2020%E2%80%9321_Bengaluru_FC_season,Verified
18,2020/21,Nishu Kumar,Defender,Departure,Bengaluru FC,Kerala Blasters,Free,Departed,22 July 2020,Wikipedia,https://en.wikipedia.org/wiki/2020%E2%80%9321_Bengaluru_FC_season,Verified
19,2020/21,Kevaughn Frater,Forward,Departure,Bengaluru FC,Maccabi Netanya,Free,Departed,1 August 2020,Wikipedia,https://en.wikipedia.org/wiki/2020%E2%80%9321_Bengaluru_FC_season,Verified
20,2020/21,Prabhsukhan Singh Gill,Goalkeeper,Departure,Bengaluru FC,Kerala Blasters,Free,Departed,9 September 2020,Wikipedia,https://en.wikipedia.org/wiki/2020%E2%80%9321_Bengaluru_FC_season,Verified
21,2020/21,Manuel Onwu,Forward,Departure,Bengaluru FC,Odisha,Free,Departed,13 September 2020,Wikipedia,https://en.wikipedia.org/wiki/2020%E2%80%9321_Bengaluru_FC_season,Verified
22,2020/21,Gursimrat Singh Gill,Defender,Departure,Bengaluru FC,Bengaluru United,Free,Departed,17 September 2020,Wikipedia,https://en.wikipedia.org/wiki/2020%E2%80%9321_Bengaluru_FC_season,Verified
23,2020/21,Kean Lewis,Midfielder,Departure,Bengaluru FC,Sudeva,Free,Departed,9 October 2020,Wikipedia,https://en.wikipedia.org/wiki/2020%E2%80%9321_Bengaluru_FC_season,Verified
24,2020/21,Raphael Augusto,Midfielder,Departure,Bengaluru FC,Abahani Limited Dhaka,Free,Departed,17 October 2020,Wikipedia,https://en.wikipedia.org/wiki/2020%E2%80%9321_Bengaluru_FC_season,Verified
25,2020/21,Deshorn Brown,Forward,Departure,Bengaluru FC,NorthEast United,Released,Departed,15 January 2021,Wikipedia,https://en.wikipedia.org/wiki/2020%E2%80%9321_Bengaluru_FC_season,Verified
26,2020/21,Ajay Chhetri,Midfielder,Departure,Bengaluru FC,East Bengal,Unknown,Departed,15 January 2021,Wikipedia,https://en.wikipedia.org/wiki/2020%E2%80%9321_Bengaluru_FC_season,Verified
27,2020/21,Ajay Chhetri,Midfielder,Loan Out,Bengaluru FC,East Bengal,Unknown,Loaned Out,15 January 2021,Wikipedia,https://en.wikipedia.org/wiki/2020%E2%80%9321_Bengaluru_FC_season,Verified
28,2021/22,Rohit Kumar,Midfielder,Arrival,Kerala Blasters,Bengaluru FC,Free,Joined,29 June 2021,Wikipedia,https://en.wikipedia.org/wiki/2021%E2%80%9322_Bengaluru_FC_season,Verified
29,2021/22,Sarthak Golui,Defender,Arrival,East Bengal,Bengaluru FC,Free,Joined,12 July 2021,Wikipedia,https://en.wikipedia.org/wiki/2021%E2%80%9322_Bengaluru_FC_season,Verified
30,2021/22,Prince Ibara,Forward,Arrival,Châteauroux,Bengaluru FC,Free,Joined,16 July 2021,Wikipedia,https://en.wikipedia.org/wiki/2021%E2%80%9322_Bengaluru_FC_season,Verified
31,2021/22,Harmanpreet Singh,Forward,Arrival,East Bengal,Bengaluru FC,Free,Joined,19 July 2021,Wikipedia,https://en.wikipedia.org/wiki/2021%E2%80%9322_Bengaluru_FC_season,Verified
32,2021/22,Jayesh Rane,Midfielder,Arrival,ATK Mohun Bagan,Bengaluru FC,Free,Joined,22 July 2021,Wikipedia,https://en.wikipedia.org/wiki/2021%E2%80%9322_Bengaluru_FC_season,Verified
33,2021/22,Danish Farooq Bhat,Midfielder,Arrival,Real Kashmir,Bengaluru FC,Free,Joined,25 July 2021,Wikipedia,https://en.wikipedia.org/wiki/2021%E2%80%9322_Bengaluru_FC_season,Verified
34,2021/22,Bidyashagar Singh,Forward,Arrival,TRAU,Bengaluru FC,Undisclosed,Joined,28 July 2021,Wikipedia,https://en.wikipedia.org/wiki/2021%E2%80%9322_Bengaluru_FC_season,Verified
35,2021/22,Bruno Ramires,Midfielder,Arrival,Belenenses,Bengaluru FC,Free,Joined,28 August 2021,Wikipedia,https://en.wikipedia.org/wiki/2021%E2%80%9322_Bengaluru_FC_season,Verified
36,2021/22,Iman Basafa,Midfielder,Arrival,Machine Sazi,Bengaluru FC,Free,Joined,14 September 2021,Wikipedia,https://en.wikipedia.org/wiki/2021%E2%80%9322_Bengaluru_FC_season,Verified
37,2021/22,Alan Costa,Defender,Arrival,Avaí,Bengaluru FC,Undisclosed,Joined,6 July 2021,Wikipedia,https://en.wikipedia.org/wiki/2021%E2%80%9322_Bengaluru_FC_season,Verified
38,2021/22,Alan Costa,Defender,Loan In,Avaí,Bengaluru FC,Undisclosed,Loaned In,6 July 2021,Wikipedia,https://en.wikipedia.org/wiki/2021%E2%80%9322_Bengaluru_FC_season,Verified
39,2021/22,Harmanjot Khabra,Midfielder,Departure,Bengaluru FC,Kerala Blasters,Free,Departed,30 May 2021,Wikipedia,https://en.wikipedia.org/wiki/2021%E2%80%9322_Bengaluru_FC_season,Verified
40,2021/22,Dimas Delgado,Midfielder,Departure,Bengaluru FC,–,Free,Departed,30 May 2021,Wikipedia,https://en.wikipedia.org/wiki/2021%E2%80%9322_Bengaluru_FC_season,Verified
41,2021/22,Rahul Bheke,Defender,Departure,Bengaluru FC,Mumbai City,Free,Departed,31 May 2021,Wikipedia,https://en.wikipedia.org/wiki/2021%E2%80%9322_Bengaluru_FC_season,Verified
42,2021/22,Thongkhosiem Haokip,Forward,Departure,Bengaluru FC,East Bengal,Free,Departed,31 May 2021,Wikipedia,https://en.wikipedia.org/wiki/2021%E2%80%9322_Bengaluru_FC_season,Verified
43,2021/22,Fran González,Defender,Departure,Bengaluru FC,Unknown,Free,Departed,31 May 2021,Wikipedia,https://en.wikipedia.org/wiki/2021%E2%80%9322_Bengaluru_FC_season,Partial
44,2021/22,Xisco Hernández,Midfielder,Departure,Bengaluru FC,Unknown,Free,Departed,31 May 2021,Wikipedia,https://en.wikipedia.org/wiki/2021%E2%80%9322_Bengaluru_FC_season,Partial
45,2021/22,Juanan,Defender,Departure,Bengaluru FC,Hyderabad,Released,Departed,28 June 2021,Wikipedia,https://en.wikipedia.org/wiki/2021%E2%80%9322_Bengaluru_FC_season,Verified
46,2021/22,Joe Zoherliana,Defender,Departure,Bengaluru FC,NorthEast United,Released,Departed,26 July 2021,Wikipedia,https://en.wikipedia.org/wiki/2021%E2%80%9322_Bengaluru_FC_season,Verified
47,2021/22,Lalthuammawia Ralte,Goalkeeper,Departure,Bengaluru FC,RoundGlass Punjab,Undisclosed,Departed,28 August 2021,Wikipedia,https://en.wikipedia.org/wiki/2021%E2%80%9322_Bengaluru_FC_season,Verified
48,2021/22,Emanuel Lalchhanchhuaha,Midfielder,Departure,Bengaluru FC,NorthEast United,Undisclosed,Departed,8 September 2021,Wikipedia,https://en.wikipedia.org/wiki/2021%E2%80%9322_Bengaluru_FC_season,Verified
49,2022/23,Prabir Das,Defender,Arrival,ATK Mohun Bagan,Bengaluru FC,Undisclosed,Joined,20 June 2022,Wikipedia,https://en.wikipedia.org/wiki/2022%E2%80%9323_Bengaluru_FC_season,Verified
50,2022/23,Javi Hernández,Midfielder,Arrival,Odisha,Bengaluru FC,Free,Joined,22 June 2022,Wikipedia,https://en.wikipedia.org/wiki/2022%E2%80%9323_Bengaluru_FC_season,Verified
51,2022/23,Faisal Ali,Forward,Arrival,Mohammedan,Bengaluru FC,Free,Joined,1 July 2022,Wikipedia,https://en.wikipedia.org/wiki/2022%E2%80%9323_Bengaluru_FC_season,Verified
52,2022/23,Amrit Gope,Goalkeeper,Arrival,TRAU,Bengaluru FC,Free,Joined,1 July 2022,Wikipedia,https://en.wikipedia.org/wiki/2022%E2%80%9323_Bengaluru_FC_season,Verified
53,2022/23,Hira Mondal,Defender,Arrival,East Bengal,Bengaluru FC,Free,Joined,5 July 2022,Wikipedia,https://en.wikipedia.org/wiki/2022%E2%80%9323_Bengaluru_FC_season,Verified
54,2022/23,Roy Krishna,Forward,Arrival,ATK Mohun Bagan,Bengaluru FC,Free,Joined,18 July 2022,Wikipedia,https://en.wikipedia.org/wiki/2022%E2%80%9323_Bengaluru_FC_season,Verified
55,2022/23,Aleksander Jovanovic,Defender,Arrival,Macarthur FC,Bengaluru FC,Free,Joined,22 July 2022,Wikipedia,https://en.wikipedia.org/wiki/2022%E2%80%9323_Bengaluru_FC_season,Verified
56,2022/23,Sudheer Kotikala,Forward,Arrival,Kickstart FC,Bengaluru FC,Free,Joined,23 July 2022,Wikipedia,https://en.wikipedia.org/wiki/2022%E2%80%9323_Bengaluru_FC_season,Verified
57,2022/23,Ankith Padmanabhan,Forward,Arrival,Kickstart FC,Bengaluru FC,Free,Joined,23 July 2022,Wikipedia,https://en.wikipedia.org/wiki/2022%E2%80%9323_Bengaluru_FC_season,Verified
58,2022/23,Clarence Fernandes,Defender,Arrival,Dempo U-18,Bengaluru FC,Free,Joined,23 July 2022,Wikipedia,https://en.wikipedia.org/wiki/2022%E2%80%9323_Bengaluru_FC_season,Verified
59,2022/23,Felixson Fernandes,Defender,Arrival,RF Young Champs,Bengaluru FC,Free,Joined,23 July 2022,Wikipedia,https://en.wikipedia.org/wiki/2022%E2%80%9323_Bengaluru_FC_season,Verified
60,2022/23,Sandesh Jhingan,Defender,Arrival,ATK Mohun Bagan,Bengaluru FC,Free,Joined,14 August 2022,Wikipedia,https://en.wikipedia.org/wiki/2022%E2%80%9323_Bengaluru_FC_season,Verified
61,2022/23,Pratik Chaudhari,Defender,Departure,Bengaluru FC,Jamshedpur,Free,Departed,5 June 2022,Wikipedia,https://en.wikipedia.org/wiki/2022%E2%80%9323_Bengaluru_FC_season,Verified
62,2022/23,Sarthak Golui,Defender,Departure,Bengaluru FC,East Bengal,Free,Departed,5 June 2022,Wikipedia,https://en.wikipedia.org/wiki/2022%E2%80%9323_Bengaluru_FC_season,Verified
63,2022/23,Iman Basafa,Midfielder,Departure,Bengaluru FC,Kheybar Khorramabad,Free,Departed,6 June 2022,Wikipedia,https://en.wikipedia.org/wiki/2022%E2%80%9323_Bengaluru_FC_season,Verified
64,2022/23,Cleiton Silva,Forward,Departure,Bengaluru FC,East Bengal,Free,Departed,6 June 2022,Wikipedia,https://en.wikipedia.org/wiki/2022%E2%80%9323_Bengaluru_FC_season,Verified
65,2022/23,Ashique Kuruniyan,Forward,Departure,Bengaluru FC,ATK Mohun Bagan,Undisclosed,Departed,20 June 2022,Wikipedia,https://en.wikipedia.org/wiki/2022%E2%80%9323_Bengaluru_FC_season,Verified
66,2022/23,Yrondu Musavu-King,Defender,Departure,Bengaluru FC,Without a club,Free,Departed,15 July 2022,Wikipedia,https://en.wikipedia.org/wiki/2022%E2%80%9323_Bengaluru_FC_season,Verified
67,2022/23,Ajith Kumar,Defender,Departure,Bengaluru FC,Chennaiyin,Undisclosed,Departed,28 July 2022,Wikipedia,https://en.wikipedia.org/wiki/2022%E2%80%9323_Bengaluru_FC_season,Verified
68,2022/23,Bidyashagar Singh,Forward,Departure,Bengaluru FC,Kerala Blasters,Undisclosed,Departed,17 August 2022,Wikipedia,https://en.wikipedia.org/wiki/2022%E2%80%9323_Bengaluru_FC_season,Verified
69,2022/23,Ajay Chhetri,Midfielder,Departure,Bengaluru FC,Punjab FC,Undisclosed,Departed,1 September 2022,Wikipedia,https://en.wikipedia.org/wiki/2022%E2%80%9323_Bengaluru_FC_season,Verified
70,2022/23,Rahul Raju,Forward,Departure,Bengaluru FC,Gokulam Kerala,Undisclosed,Departed,31 August 2022,Wikipedia,https://en.wikipedia.org/wiki/2022%E2%80%9323_Bengaluru_FC_season,Verified
71,2022/23,Bidyashagar Singh,Forward,Loan Out,Bengaluru FC,Kerala Blasters,Undisclosed,Loaned Out,17 August 2022,Wikipedia,https://en.wikipedia.org/wiki/2022%E2%80%9323_Bengaluru_FC_season,Verified
72,2022/23,Ajay Chhetri,Midfielder,Loan Out,Bengaluru FC,Punjab FC,Undisclosed,Loaned Out,1 September 2022,Wikipedia,https://en.wikipedia.org/wiki/2022%E2%80%9323_Bengaluru_FC_season,Verified
73,2022/23,Rahul Raju,Forward,Loan Out,Bengaluru FC,Gokulam Kerala,Undisclosed,Loaned Out,31 August 2022,Wikipedia,https://en.wikipedia.org/wiki/2022%E2%80%9323_Bengaluru_FC_season,Verified
74,2023/24,Sahil Poonia,Goalkeeper,Arrival,Zinc FA,Bengaluru FC,Free,Joined,1 June 2023,Wikipedia,https://en.wikipedia.org/wiki/2023%E2%80%9324_Bengaluru_FC_season,Verified
75,2023/24,Halicharan Narzary,Forward,Arrival,Hyderabad,Bengaluru FC,Free,Joined,14 June 2023,Wikipedia,https://en.wikipedia.org/wiki/2023%E2%80%9324_Bengaluru_FC_season,Verified
76,2023/24,Vikram Lakhbir Singh,Goalkeeper,Arrival,Aizawl,Bengaluru FC,Free,Joined,21 June 2023,Wikipedia,https://en.wikipedia.org/wiki/2023%E2%80%9324_Bengaluru_FC_season,Verified
77,2023/24,Slavko Damjanović,Defender,Arrival,Mohun Bagan,Bengaluru FC,Free,Joined,28 June 2023,Wikipedia,https://en.wikipedia.org/wiki/2023%E2%80%9324_Bengaluru_FC_season,Verified
78,2023/24,Rohit Danu,Forward,Arrival,Hyderabad,Bengaluru FC,Free,Joined,7 July 2023,Wikipedia,https://en.wikipedia.org/wiki/2023%E2%80%9324_Bengaluru_FC_season,Verified
79,2023/24,Salam Johnson Singh,Forward,Arrival,TRAU,Bengaluru FC,Free,Joined,10 July 2023,Wikipedia,https://en.wikipedia.org/wiki/2023%E2%80%9324_Bengaluru_FC_season,Verified
80,2023/24,Curtis Main,Forward,Arrival,St Mirren,Bengaluru FC,Free,Joined,18 July 2023,Wikipedia,https://en.wikipedia.org/wiki/2023%E2%80%9324_Bengaluru_FC_season,Verified
81,2023/24,Jessel Carneiro,Defender,Arrival,Kerala Blasters,Bengaluru FC,Free,Joined,25 July 2023,Wikipedia,https://en.wikipedia.org/wiki/2023%E2%80%9324_Bengaluru_FC_season,Verified
82,2023/24,Shankar Sampingiraj,Midfielder,Arrival,Punjab,Bengaluru FC,Free,Joined,25 July 2023,Wikipedia,https://en.wikipedia.org/wiki/2023%E2%80%9324_Bengaluru_FC_season,Verified
83,2023/24,Ryan Williams,Midfielder,Arrival,Perth Glory,Bengaluru FC,Free,Joined,28 July 2023,Wikipedia,https://en.wikipedia.org/wiki/2023%E2%80%9324_Bengaluru_FC_season,Verified
84,2023/24,Keziah Veendorp,Midfielder,Arrival,Emmen,Bengaluru FC,Free,Joined,5 August 2023,Wikipedia,https://en.wikipedia.org/wiki/2023%E2%80%9324_Bengaluru_FC_season,Verified
85,2023/24,Chinglensana Singh Konsham,Defender,Arrival,Hyderabad FC,Bengaluru FC,Free,Joined,30 January 2024,Wikipedia,https://en.wikipedia.org/wiki/2023%E2%80%9324_Bengaluru_FC_season,Verified
86,2023/24,Nikhil Poojary,Defender,Arrival,Hyderabad FC,Bengaluru FC,Free,Joined,1 February 2024,Wikipedia,https://en.wikipedia.org/wiki/2023%E2%80%9324_Bengaluru_FC_season,Verified
87,2023/24,Robin Yadav,Defender,Internal Promotion,Bengaluru B,Bengaluru FC,Free (Youth Promotion),Promoted,1 June 2023,Wikipedia,https://en.wikipedia.org/wiki/2023%E2%80%9324_Bengaluru_FC_season,Verified
88,2023/24,Ankith Padmanabhan,Forward,Internal Promotion,Bengaluru B,Bengaluru FC,Free (Youth Promotion),Promoted,1 August 2023,Wikipedia,https://en.wikipedia.org/wiki/2023%E2%80%9324_Bengaluru_FC_season,Verified
89,2023/24,Harsh Patre,Midfielder,Internal Promotion,Bengaluru B,Bengaluru FC,Free (Youth Promotion),Promoted,31 August 2023,Wikipedia,https://en.wikipedia.org/wiki/2023%E2%80%9324_Bengaluru_FC_season,Verified
90,2023/24,Chingambam Shivaldo Singh,Defender,Internal Promotion,Bengaluru B,Bengaluru FC,Free (Youth Promotion),Promoted,1 December 2023,Wikipedia,https://en.wikipedia.org/wiki/2023%E2%80%9324_Bengaluru_FC_season,Verified
91,2023/24,Monirul Molla,Forward,Internal Promotion,Bengaluru B,Bengaluru FC,Free (Youth Promotion),Promoted,1 June 2023,Wikipedia,https://en.wikipedia.org/wiki/2023%E2%80%9324_Bengaluru_FC_season,Verified
92,2024/25,Mohammeed Salah,Defender,Arrival,Punjab FC,Bengaluru FC,Free,Joined,7 July 2024,Wikipedia,https://en.wikipedia.org/wiki/2024%E2%80%9325_Bengaluru_FC_season,Verified
93,2024/25,Lalthuammawia Ralte,Goalkeeper,Arrival,Odisha FC,Bengaluru FC,Free,Joined,7 July 2024,Wikipedia,https://en.wikipedia.org/wiki/2024%E2%80%9325_Bengaluru_FC_season,Verified
94,2024/25,Rahul Bheke,Defender,Arrival,Mumbai City FC,Bengaluru FC,Free,Joined,7 July 2024,Wikipedia,https://en.wikipedia.org/wiki/2024%E2%80%9325_Bengaluru_FC_season,Verified
95,2024/25,Alberto Noguera,Midfielder,Arrival,Mumbai City FC,Bengaluru FC,Free,Joined,7 July 2024,Wikipedia,https://en.wikipedia.org/wiki/2024%E2%80%9325_Bengaluru_FC_season,Verified
96,2024/25,Edgar Mendez,Forward,Arrival,Club Necaxa,Bengaluru FC,Free,Joined,7 July 2024,Wikipedia,https://en.wikipedia.org/wiki/2024%E2%80%9325_Bengaluru_FC_season,Verified
97,2024/25,Jorge Pereyra Díaz,Forward,Arrival,Mumbai City FC,Bengaluru FC,Free,Joined,7 July 2024,Wikipedia,https://en.wikipedia.org/wiki/2024%E2%80%9325_Bengaluru_FC_season,Verified
98,2024/25,Pedro Capo,Midfielder,Arrival,CD Eldense,Bengaluru FC,Free,Joined,16 July 2024,Wikipedia,https://en.wikipedia.org/wiki/2024%E2%80%9325_Bengaluru_FC_season,Verified
99,2024/25,Lara Sharma,Goalkeeper,Departure,Bengaluru FC,FC Goa,"₹30 lakh (US$31,000)",Departed,18 June 2024,Wikipedia,https://en.wikipedia.org/wiki/2024%E2%80%9325_Bengaluru_FC_season,Verified
100,2024/25,Javi Hernández,Midfielder,Departure,Bengaluru FC,Jamshedpur FC,Free,Departed,25 July 2024,Wikipedia,https://en.wikipedia.org/wiki/2024%E2%80%9325_Bengaluru_FC_season,Verified
101,2024/25,Oliver Drost,Forward,Departure,Bengaluru FC,FC Helsingør,Free,Departed,"₹2 crore (US$210,000)",Wikipedia,https://en.wikipedia.org/wiki/2024%E2%80%9325_Bengaluru_FC_season,Verified
102,2024/25,Slavko Damjanovic,Defender,Departure,Bengaluru FC,Persebaya Surabaya,Free,Departed,6 July 2024,Wikipedia,https://en.wikipedia.org/wiki/2024%E2%80%9325_Bengaluru_FC_season,Verified
103,2024/25,Rohit Kumar,Midfielder,Departure,Bengaluru FC,Odisha FC,Free,Departed,12 June 2024,Wikipedia,https://en.wikipedia.org/wiki/2024%E2%80%9325_Bengaluru_FC_season,Verified
104,2024/25,Jayesh Rane,Midfielder,Departure,Bengaluru FC,Mumbai City FC,Free,Departed,21 June 2024,Wikipedia,https://en.wikipedia.org/wiki/2024%E2%80%9325_Bengaluru_FC_season,Verified
105,2024/25,Amrit Gope,Goalkeeper,Departure,Bengaluru FC,Jamshedpur FC,Free,Departed,27 June 2024,Wikipedia,https://en.wikipedia.org/wiki/2024%E2%80%9325_Bengaluru_FC_season,Verified
106,2024/25,Robin Yadav,Defender,Departure,Bengaluru FC,NorthEast United FC,Free,Departed,13 July 2024,Wikipedia,https://en.wikipedia.org/wiki/2024%E2%80%9325_Bengaluru_FC_season,Verified
107,2024/25,Keziah Veendorp,Midfielder,Departure,Bengaluru FC,Without a club,Free,Departed,12 July 2024,Wikipedia,https://en.wikipedia.org/wiki/2024%E2%80%9325_Bengaluru_FC_season,Verified
108,2024/25,Shankar Sampingiraj,Defender,Departure,Bengaluru FC,SC Bengaluru,Free,Departed,1 June 2024,Wikipedia,https://en.wikipedia.org/wiki/2024%E2%80%9325_Bengaluru_FC_season,Verified
109,2024/25,Parag Shrivas,Defender,Departure,Bengaluru FC,Hyderabad FC,Free,Departed,1 June 2024,Wikipedia,https://en.wikipedia.org/wiki/2024%E2%80%9325_Bengaluru_FC_season,Verified
110,2024/25,Ajay Chhetri,Midfielder,Departure,Bengaluru FC,Sreenidi Deccan FC,Free,Departed,1 June 2024,Wikipedia,https://en.wikipedia.org/wiki/2024%E2%80%9325_Bengaluru_FC_season,Verified
111,2024/25,Salam Johnson Singh,Forward,Departure,Bengaluru FC,SC Bengaluru,Undisclosed,Departed,11 September 2024,Wikipedia,https://en.wikipedia.org/wiki/2024%E2%80%9325_Bengaluru_FC_season,Verified
112,2024/25,Salam Johnson Singh,Forward,Loan Out,Bengaluru FC,SC Bengaluru,Undisclosed,Loaned Out,11 September 2024,Wikipedia,https://en.wikipedia.org/wiki/2024%E2%80%9325_Bengaluru_FC_season,Verified
113,2024/25,Édgar Méndez,Winger,Arrival,Club Necaxa,Bengaluru FC,Free,Joined,2024-07-09,Wikipedia,https://en.wikipedia.org/wiki/2024%E2%80%9325_Bengaluru_FC_season,Verified
114,2024/25,Mohamed Salah,Left Back,Arrival,Punjab FC,Bengaluru FC,Free,Joined,2024-07-05,Wikipedia,https://en.wikipedia.org/wiki/2024%E2%80%9325_Bengaluru_FC_season,Verified
115,2024/25,Pedro Capó,Defensive Midfielder,Arrival,CD Eldense,Bengaluru FC,Free,Joined,2024-07-15,Wikipedia,https://en.wikipedia.org/wiki/2024%E2%80%9325_Bengaluru_FC_season,Verified
116,2024/25,Slavko Damjanović,Centre Back,Departure,Bengaluru FC,FK Sutjeska Nikšić,Free,Departed,2024-06-30,Wikipedia,https://en.wikipedia.org/wiki/2024%E2%80%9325_Bengaluru_FC_season,Verified
117,2025/26,Lalremtluanga Fanai,Central Midfielder,Internal Promotion,Bengaluru FC B,Bengaluru FC,Free (Youth Promotion),Promoted,2025-06-01,Wikipedia,https://en.wikipedia.org/wiki/Bengaluru_FC,Verified
118,2025/26,Clarence Fernandes,Centre Back,Internal Promotion,Bengaluru FC B,Bengaluru FC,Free (Youth Promotion),Promoted,2025-06-01,Wikipedia,https://en.wikipedia.org/wiki/Bengaluru_FC,Verified
119,2025/26,Sunil Chhetri,Striker,Arrival,Bengaluru FC,Bengaluru FC,Contract Extension,Retained,2025-05-15,Wikipedia,https://en.wikipedia.org/wiki/Sunil_Chhetri,Verified
120,2026/27,Monirul Molla,Striker,Internal Promotion,Bengaluru FC B,Bengaluru FC,Free (Youth Promotion),Promoted,2026-06-01,Wikipedia,https://en.wikipedia.org/wiki/Bengaluru_FC,Verified
